epoch,lr,loss,iou,val_loss,val_iou
0.0,0.0003,1.011745057739578,0.6090548560361163,0.8769781141547683,0.7724171987546896
